Destination,Flight Price,Departure,Return Trip,Route from Origin,Route from Destination
Copenhagen,€259,Sun Feb 9th 2025,Thu Mar 13th 2025,Frankfurt (HHN) → Copenhagen (CPH),Copenhagen (CPH) → Frankfurt (HHN)
Copenhagen,€261.10,Tue Mar 4th 2025,Thu Mar 13th 2025,Frankfurt (HHN) → Copenhagen (CPH),Copenhagen (CPH) → Frankfurt (HHN)
Copenhagen,€262.68,Tue Feb 11th 2025,Thu Mar 13th 2025,Frankfurt (HHN) → Copenhagen (CPH),Copenhagen (CPH) → Frankfurt (HHN)
Copenhagen,€263.20,Sun Feb 16th 2025,Thu Mar 13th 2025,Frankfurt (HHN) → Copenhagen (CPH),Copenhagen (CPH) → Frankfurt (HHN)
Copenhagen,€269.94,Wed Feb 5th 2025,Thu Mar 13th 2025,Frankfurt (HHN) → Copenhagen (CPH),Copenhagen (CPH) → Frankfurt (HHN)
Copenhagen,€271.20,Sun Feb 9th 2025,Thu Mar 13th 2025,Frankfurt (HHN) → Copenhagen (CPH),Copenhagen (CPH) → Frankfurt (HHN)
Copenhagen,€272.48,Sun Feb 9th 2025,Thu Mar 20th 2025,Frankfurt (HHN) → Copenhagen (CPH),Copenhagen (CPH) → Frankfurt (HHN)
Copenhagen,€273.22,Tue Mar 4th 2025,Thu Mar 13th 2025,Frankfurt (HHN) → Copenhagen (CPH),Copenhagen (CPH) → Frankfurt (HHN)
Copenhagen,€274.50,Tue Mar 4th 2025,Thu Mar 20th 2025,Frankfurt (HHN) → Copenhagen (CPH),Copenhagen (CPH) → Frankfurt (HHN)
Copenhagen,€274.80,Tue Feb 11th 2025,Thu Mar 13th 2025,Frankfurt (HHN) → Copenhagen (CPH),Copenhagen (CPH) → Frankfurt (HHN)
Copenhagen,€314,Fri Feb 21st 2025,Sun Mar 9th 2025,Frankfurt (FRA) → Copenhagen (CPH),Copenhagen (CPH) → Frankfurt (FRA)
Copenhagen,€314,Fri Feb 21st 2025,Sun Mar 9th 2025,Frankfurt (FRA) → Copenhagen (CPH),Copenhagen (CPH) → Frankfurt (FRA)
Copenhagen,€314,Fri Feb 21st 2025,Sun Mar 9th 2025,Frankfurt (FRA) → Copenhagen (CPH),Copenhagen (CPH) → Frankfurt (FRA)
Copenhagen,€314,Fri Feb 21st 2025,Sun Mar 9th 2025,Frankfurt (FRA) → Copenhagen (CPH),Copenhagen (CPH) → Frankfurt (FRA)
Copenhagen,€345,Tue Mar 4th 2025,Wed Mar 19th 2025,Frankfurt (FRA) → Copenhagen (CPH),Copenhagen (CPH) → Frankfurt (FRA)
Copenhagen,€345,Tue Mar 4th 2025,Wed Mar 19th 2025,Frankfurt (FRA) → Copenhagen (CPH),Copenhagen (CPH) → Frankfurt (FRA)
Copenhagen,€345,Tue Mar 4th 2025,Wed Mar 19th 2025,Frankfurt (FRA) → Copenhagen (CPH),Copenhagen (CPH) → Frankfurt (FRA)
Copenhagen,€345,Tue Mar 4th 2025,Wed Mar 19th 2025,Frankfurt (FRA) → Copenhagen (CPH),Copenhagen (CPH) → Frankfurt (FRA)
Copenhagen,€345,Tue Mar 4th 2025,Wed Mar 19th 2025,Frankfurt (FRA) → Copenhagen (CPH),Copenhagen (CPH) → Frankfurt (FRA)
Copenhagen,€345,Tue Mar 4th 2025,Wed Mar 19th 2025,Frankfurt (FRA) → Copenhagen (CPH),Copenhagen (CPH) → Frankfurt (FRA)
Copenhagen,€345,Tue Mar 4th 2025,Wed Mar 19th 2025,Frankfurt (FRA) → Copenhagen (CPH),Copenhagen (CPH) → Frankfurt (FRA)
Copenhagen,€345,Tue Mar 4th 2025,Wed Mar 19th 2025,Frankfurt (FRA) → Copenhagen (CPH),Copenhagen (CPH) → Frankfurt (FRA)
Copenhagen,€345,Fri Feb 21st 2025,Sun Mar 9th 2025,Frankfurt (FRA) → Copenhagen (CPH),Copenhagen (CPH) → Frankfurt (FRA)
Copenhagen,€345,Fri Feb 21st 2025,Sun Mar 9th 2025,Frankfurt (FRA) → Copenhagen (CPH),Copenhagen (CPH) → Frankfurt (FRA)
Copenhagen,€345,Fri Feb 21st 2025,Sun Mar 9th 2025,Frankfurt (FRA) → Copenhagen (CPH),Copenhagen (CPH) → Frankfurt (FRA)
Copenhagen,€345,Fri Feb 21st 2025,Sun Mar 9th 2025,Frankfurt (FRA) → Copenhagen (CPH),Copenhagen (CPH) → Frankfurt (FRA)
Copenhagen,€413,Fri Feb 28th 2025,Mon Mar 31st 2025,Frankfurt (FRA) → Copenhagen (CPH),Copenhagen (CPH) → Frankfurt (FRA)
Copenhagen,€413,Thu Feb 27th 2025,Mon Mar 31st 2025,Frankfurt (FRA) → Copenhagen (CPH),Copenhagen (CPH) → Frankfurt (FRA)
Copenhagen,€413,Mon Mar 3rd 2025,Mon Mar 31st 2025,Frankfurt (FRA) → Copenhagen (CPH),Copenhagen (CPH) → Frankfurt (FRA)
Copenhagen,€413,Tue Feb 25th 2025,Mon Mar 31st 2025,Frankfurt (FRA) → Copenhagen (CPH),Copenhagen (CPH) → Frankfurt (FRA)
Copenhagen,€413,Tue Feb 25th 2025,Mon Mar 31st 2025,Frankfurt (FRA) → Copenhagen (CPH),Copenhagen (CPH) → Frankfurt (FRA)
Copenhagen,€413,Tue Feb 25th 2025,Mon Mar 31st 2025,Frankfurt (FRA) → Copenhagen (CPH),Copenhagen (CPH) → Frankfurt (FRA)
Copenhagen,€413,Thu Feb 27th 2025,Mon Mar 31st 2025,Frankfurt (FRA) → Copenhagen (CPH),Copenhagen (CPH) → Frankfurt (FRA)
Copenhagen,€413,Mon Mar 3rd 2025,Mon Mar 31st 2025,Frankfurt (FRA) → Copenhagen (CPH),Copenhagen (CPH) → Frankfurt (FRA)
Copenhagen,€413,Fri Feb 28th 2025,Mon Mar 31st 2025,Frankfurt (FRA) → Copenhagen (CPH),Copenhagen (CPH) → Frankfurt (FRA)
Copenhagen,€413,Mon Mar 3rd 2025,Mon Mar 31st 2025,Frankfurt (FRA) → Copenhagen (CPH),Copenhagen (CPH) → Frankfurt (FRA)
Copenhagen,€413,Mon Mar 3rd 2025,Mon Mar 31st 2025,Frankfurt (FRA) → Copenhagen (CPH),Copenhagen (CPH) → Frankfurt (FRA)
Copenhagen,€413,Tue Feb 25th 2025,Mon Mar 31st 2025,Frankfurt (FRA) → Copenhagen (CPH),Copenhagen (CPH) → Frankfurt (FRA)
Copenhagen,€413,Fri Feb 28th 2025,Wed Mar 5th 2025,Frankfurt (FRA) → Copenhagen (CPH),Copenhagen (CPH) → Frankfurt (FRA)
Copenhagen,€413,Tue Feb 25th 2025,Mon Mar 24th 2025,Frankfurt (FRA) → Copenhagen (CPH),Copenhagen (CPH) → Frankfurt (FRA)
Copenhagen,€413,Fri Feb 28th 2025,Mon Mar 24th 2025,Frankfurt (FRA) → Copenhagen (CPH),Copenhagen (CPH) → Frankfurt (FRA)
Copenhagen,€413,Tue Feb 25th 2025,Mon Mar 24th 2025,Frankfurt (FRA) → Copenhagen (CPH),Copenhagen (CPH) → Frankfurt (FRA)
Copenhagen,€413,Tue Feb 25th 2025,Wed Mar 5th 2025,Frankfurt (FRA) → Copenhagen (CPH),Copenhagen (CPH) → Frankfurt (FRA)
Copenhagen,€413,Fri Feb 28th 2025,Mon Mar 10th 2025,Frankfurt (FRA) → Copenhagen (CPH),Copenhagen (CPH) → Frankfurt (FRA)
Copenhagen,€413,Tue Feb 25th 2025,Mon Mar 10th 2025,Frankfurt (FRA) → Copenhagen (CPH),Copenhagen (CPH) → Frankfurt (FRA)
Copenhagen,€413,Tue Feb 25th 2025,Mon Mar 10th 2025,Frankfurt (FRA) → Copenhagen (CPH),Copenhagen (CPH) → Frankfurt (FRA)
Copenhagen,€413,Mon Mar 3rd 2025,Mon Mar 24th 2025,Frankfurt (FRA) → Copenhagen (CPH),Copenhagen (CPH) → Frankfurt (FRA)
Copenhagen,€413,Mon Mar 3rd 2025,Wed Mar 5th 2025,Frankfurt (FRA) → Copenhagen (CPH),Copenhagen (CPH) → Frankfurt (FRA)
Copenhagen,€413,Mon Mar 3rd 2025,Mon Mar 10th 2025,Frankfurt (FRA) → Copenhagen (CPH),Copenhagen (CPH) → Frankfurt (FRA)
Copenhagen,€413,Thu Feb 27th 2025,Wed Mar 5th 2025,Frankfurt (FRA) → Copenhagen (CPH),Copenhagen (CPH) → Frankfurt (FRA)
Copenhagen,€413,Tue Feb 25th 2025,Wed Mar 5th 2025,Frankfurt (FRA) → Copenhagen (CPH),Copenhagen (CPH) → Frankfurt (FRA)
Copenhagen,€413,Thu Feb 27th 2025,Mon Mar 24th 2025,Frankfurt (FRA) → Copenhagen (CPH),Copenhagen (CPH) → Frankfurt (FRA)
Copenhagen,€413,Thu Feb 27th 2025,Mon Mar 10th 2025,Frankfurt (FRA) → Copenhagen (CPH),Copenhagen (CPH) → Frankfurt (FRA)
Copenhagen,€413,Mon Mar 3rd 2025,Wed Mar 5th 2025,Frankfurt (FRA) → Copenhagen (CPH),Copenhagen (CPH) → Frankfurt (FRA)
Copenhagen,€413,Mon Mar 3rd 2025,Mon Mar 10th 2025,Frankfurt (FRA) → Copenhagen (CPH),Copenhagen (CPH) → Frankfurt (FRA)
Copenhagen,€413,Mon Mar 3rd 2025,Mon Mar 24th 2025,Frankfurt (FRA) → Copenhagen (CPH),Copenhagen (CPH) → Frankfurt (FRA)
Copenhagen,€414,Sun Mar 2nd 2025,Mon Mar 31st 2025,Frankfurt (FRA) → Copenhagen (CPH),Copenhagen (CPH) → Frankfurt (FRA)
Copenhagen,€414,Sun Mar 2nd 2025,Mon Mar 31st 2025,Frankfurt (FRA) → Copenhagen (CPH),Copenhagen (CPH) → Frankfurt (FRA)
Copenhagen,€414,Sun Mar 2nd 2025,Wed Mar 5th 2025,Frankfurt (FRA) → Copenhagen (CPH),Copenhagen (CPH) → Frankfurt (FRA)
Copenhagen,€414,Sun Mar 2nd 2025,Mon Mar 24th 2025,Frankfurt (FRA) → Copenhagen (CPH),Copenhagen (CPH) → Frankfurt (FRA)
Copenhagen,€414,Mon Feb 24th 2025,Mon Mar 31st 2025,Frankfurt (FRA) → Copenhagen (CPH),Copenhagen (CPH) → Frankfurt (FRA)
Copenhagen,€414,Wed Feb 26th 2025,Mon Mar 31st 2025,Frankfurt (FRA) → Copenhagen (CPH),Copenhagen (CPH) → Frankfurt (FRA)
Copenhagen,€414,Mon Feb 24th 2025,Mon Mar 31st 2025,Frankfurt (FRA) → Copenhagen (CPH),Copenhagen (CPH) → Frankfurt (FRA)
Copenhagen,€414,Sun Mar 2nd 2025,Mon Mar 10th 2025,Frankfurt (FRA) → Copenhagen (CPH),Copenhagen (CPH) → Frankfurt (FRA)
Copenhagen,€414,Tue Mar 4th 2025,Mon Mar 31st 2025,Frankfurt (FRA) → Copenhagen (CPH),Copenhagen (CPH) → Frankfurt (FRA)
Copenhagen,€414,Tue Mar 4th 2025,Mon Mar 31st 2025,Frankfurt (FRA) → Copenhagen (CPH),Copenhagen (CPH) → Frankfurt (FRA)
Copenhagen,€414,Wed Feb 26th 2025,Mon Mar 31st 2025,Frankfurt (FRA) → Copenhagen (CPH),Copenhagen (CPH) → Frankfurt (FRA)
Copenhagen,€414,Mon Feb 24th 2025,Mon Mar 31st 2025,Frankfurt (FRA) → Copenhagen (CPH),Copenhagen (CPH) → Frankfurt (FRA)
Copenhagen,€414,Mon Feb 24th 2025,Mon Mar 31st 2025,Frankfurt (FRA) → Copenhagen (CPH),Copenhagen (CPH) → Frankfurt (FRA)
Copenhagen,€414,Tue Mar 4th 2025,Mon Mar 31st 2025,Frankfurt (FRA) → Copenhagen (CPH),Copenhagen (CPH) → Frankfurt (FRA)
Copenhagen,€414,Tue Mar 4th 2025,Mon Mar 31st 2025,Frankfurt (FRA) → Copenhagen (CPH),Copenhagen (CPH) → Frankfurt (FRA)
Copenhagen,€414,Wed Feb 26th 2025,Mon Mar 24th 2025,Frankfurt (FRA) → Copenhagen (CPH),Copenhagen (CPH) → Frankfurt (FRA)
Copenhagen,€414,Wed Feb 26th 2025,Wed Mar 5th 2025,Frankfurt (FRA) → Copenhagen (CPH),Copenhagen (CPH) → Frankfurt (FRA)
Copenhagen,€414,Mon Feb 24th 2025,Wed Mar 5th 2025,Frankfurt (FRA) → Copenhagen (CPH),Copenhagen (CPH) → Frankfurt (FRA)
Copenhagen,€414,Mon Feb 24th 2025,Mon Mar 24th 2025,Frankfurt (FRA) → Copenhagen (CPH),Copenhagen (CPH) → Frankfurt (FRA)
Copenhagen,€414,Mon Feb 24th 2025,Mon Mar 10th 2025,Frankfurt (FRA) → Copenhagen (CPH),Copenhagen (CPH) → Frankfurt (FRA)
Copenhagen,€414,Wed Feb 26th 2025,Mon Mar 10th 2025,Frankfurt (FRA) → Copenhagen (CPH),Copenhagen (CPH) → Frankfurt (FRA)
Copenhagen,€414,Tue Mar 4th 2025,Mon Mar 10th 2025,Frankfurt (FRA) → Copenhagen (CPH),Copenhagen (CPH) → Frankfurt (FRA)
Copenhagen,€415,Tue Feb 25th 2025,Thu Mar 6th 2025,Frankfurt (FRA) → Copenhagen (CPH),Copenhagen (CPH) → Frankfurt (FRA)
Copenhagen,€415,Tue Feb 25th 2025,Thu Mar 6th 2025,Frankfurt (FRA) → Copenhagen (CPH),Copenhagen (CPH) → Frankfurt (FRA)
Copenhagen,€415,Fri Feb 28th 2025,Fri Mar 28th 2025,Frankfurt (FRA) → Copenhagen (CPH),Copenhagen (CPH) → Frankfurt (FRA)
Copenhagen,€415,Thu Feb 27th 2025,Wed Mar 26th 2025,Frankfurt (FRA) → Copenhagen (CPH),Copenhagen (CPH) → Frankfurt (FRA)
Copenhagen,€415,Thu Feb 27th 2025,Fri Mar 28th 2025,Frankfurt (FRA) → Copenhagen (CPH),Copenhagen (CPH) → Frankfurt (FRA)
Copenhagen,€415,Tue Feb 25th 2025,Wed Mar 19th 2025,Frankfurt (FRA) → Copenhagen (CPH),Copenhagen (CPH) → Frankfurt (FRA)
Copenhagen,€415,Thu Feb 27th 2025,Wed Mar 19th 2025,Frankfurt (FRA) → Copenhagen (CPH),Copenhagen (CPH) → Frankfurt (FRA)
Copenhagen,€415,Fri Feb 28th 2025,Wed Mar 19th 2025,Frankfurt (FRA) → Copenhagen (CPH),Copenhagen (CPH) → Frankfurt (FRA)
Copenhagen,€415,Tue Feb 25th 2025,Wed Mar 19th 2025,Frankfurt (FRA) → Copenhagen (CPH),Copenhagen (CPH) → Frankfurt (FRA)
Copenhagen,€415,Thu Feb 27th 2025,Wed Mar 19th 2025,Frankfurt (FRA) → Copenhagen (CPH),Copenhagen (CPH) → Frankfurt (FRA)
Copenhagen,€416,Sun Mar 2nd 2025,Thu Mar 6th 2025,Frankfurt (FRA) → Copenhagen (CPH),Copenhagen (CPH) → Frankfurt (FRA)
Copenhagen,€419,Sun Mar 2nd 2025,Tue Apr 1st 2025,Frankfurt (FRA) → Copenhagen (CPH),Copenhagen (CPH) → Frankfurt (FRA)
Copenhagen,€419,Sun Mar 2nd 2025,Thu Apr 3rd 2025,Frankfurt (FRA) → Copenhagen (CPH),Copenhagen (CPH) → Frankfurt (FRA)
Copenhagen,€419,Sun Mar 2nd 2025,Wed Apr 2nd 2025,Frankfurt (FRA) → Copenhagen (CPH),Copenhagen (CPH) → Frankfurt (FRA)
Copenhagen,€447,Sun Mar 2nd 2025,Mon Mar 31st 2025,Frankfurt (FRA) → Copenhagen (CPH),Copenhagen (CPH) → Frankfurt (FRA)
Copenhagen,€447,Sun Mar 2nd 2025,Mon Mar 31st 2025,Frankfurt (FRA) → Copenhagen (CPH),Copenhagen (CPH) → Frankfurt (FRA)
Copenhagen,€451,Sun Mar 2nd 2025,Tue Apr 1st 2025,Frankfurt (FRA) → Copenhagen (CPH),Copenhagen (CPH) → Frankfurt (FRA)
Copenhagen,€451,Sun Mar 2nd 2025,Thu Apr 3rd 2025,Frankfurt (FRA) → Copenhagen (CPH),Copenhagen (CPH) → Frankfurt (FRA)
Copenhagen,€451,Sun Mar 2nd 2025,Wed Apr 2nd 2025,Frankfurt (FRA) → Copenhagen (CPH),Copenhagen (CPH) → Frankfurt (FRA)
Copenhagen,€501,Tue Mar 4th 2025,Sat Mar 8th 2025,Frankfurt (FRA) → Copenhagen (CPH),Copenhagen (CPH) → Frankfurt (FRA)
Copenhagen,€1011,Mon Feb 10th 2025,Thu Mar 13th 2025,Frankfurt (FRA) → Copenhagen (CPH),Copenhagen (CPH) → Frankfurt (FRA)
Copenhagen,€1144,Sun Feb 9th 2025,Thu Mar 13th 2025,Frankfurt (FRA) → Copenhagen (CPH),Copenhagen (CPH) → Frankfurt (FRA)
Rome,€143.93,Sat Feb 22nd 2025,Sat Mar 22nd 2025,Frankfurt (HHN) → Rome (FCO),Rome (FCO) → Frankfurt (HHN)
Rome,€145,Sat Feb 22nd 2025,Fri Mar 21st 2025,Frankfurt (HHN) → Rome (FCO),Rome (FCO) → Frankfurt (HHN)
Rome,€146.65,Sat Feb 22nd 2025,Fri Mar 14th 2025,Frankfurt (HHN) → Rome (FCO),Rome (FCO) → Frankfurt (HHN)
Rome,€152.54,Sat Feb 22nd 2025,Thu Apr 3rd 2025,Frankfurt (HHN) → Rome (FCO),Rome (FCO) → Frankfurt (HHN)
Rome,€152.54,Sat Feb 22nd 2025,Sat Mar 15th 2025,Frankfurt (HHN) → Rome (FCO),Rome (FCO) → Frankfurt (HHN)
Rome,€153.22,Sat Feb 22nd 2025,Fri Mar 7th 2025,Frankfurt (HHN) → Rome (FCO),Rome (FCO) → Frankfurt (HHN)
Rome,€154.54,Sat Feb 22nd 2025,Mon Mar 31st 2025,Frankfurt (HHN) → Rome (FCO),Rome (FCO) → Frankfurt (FRA)
Rome,€154.54,Sat Feb 22nd 2025,Wed Apr 2nd 2025,Frankfurt (HHN) → Rome (FCO),Rome (FCO) → Frankfurt (FRA)
Rome,€154.54,Sat Feb 22nd 2025,Mon Mar 31st 2025,Frankfurt (HHN) → Rome (FCO),Rome (FCO) → Frankfurt (FRA)
Rome,€154.54,Sat Feb 22nd 2025,Wed Apr 2nd 2025,Frankfurt (HHN) → Rome (FCO),Rome (FCO) → Frankfurt (FRA)
Rome,€155.28,Sat Feb 22nd 2025,Sat Mar 8th 2025,Frankfurt (HHN) → Rome (FCO),Rome (FCO) → Frankfurt (HHN)
Rome,€155.41,Sat Feb 22nd 2025,Sat Mar 29th 2025,Frankfurt (HHN) → Rome (FCO),Rome (FCO) → Frankfurt (HHN)
Rome,€156.62,Sat Feb 22nd 2025,Tue Apr 1st 2025,Frankfurt (HHN) → Rome (FCO),Rome (FCO) → Frankfurt (FRA)
Rome,€156.62,Sat Feb 22nd 2025,Tue Apr 1st 2025,Frankfurt (HHN) → Rome (FCO),Rome (FCO) → Frankfurt (FRA)
Rome,€156.62,Sat Feb 22nd 2025,Sun Mar 30th 2025,Frankfurt (HHN) → Rome (FCO),Rome (FCO) → Frankfurt (FRA)
Rome,€157.34,Sun Feb 23rd 2025,Sat Mar 22nd 2025,Frankfurt (HHN) → Rome (FCO),Rome (FCO) → Frankfurt (HHN)
Rome,€157.47,Sat Feb 22nd 2025,Fri Mar 28th 2025,Frankfurt (HHN) → Rome (FCO),Rome (FCO) → Frankfurt (HHN)
Rome,€158.43,Sun Feb 23rd 2025,Fri Mar 21st 2025,Frankfurt (HHN) → Rome (FCO),Rome (FCO) → Frankfurt (HHN)
Rome,€159.46,Sat Feb 8th 2025,Sat Mar 22nd 2025,Frankfurt (HHN) → Rome (FCO),Rome (FCO) → Frankfurt (HHN)
Rome,€160,Sun Feb 23rd 2025,Fri Mar 14th 2025,Frankfurt (HHN) → Rome (FCO),Rome (FCO) → Frankfurt (HHN)
Rome,€160.56,Sat Feb 8th 2025,Fri Mar 21st 2025,Frankfurt (HHN) → Rome (FCO),Rome (FCO) → Frankfurt (HHN)
Rome,€162.18,Sat Feb 8th 2025,Fri Mar 14th 2025,Frankfurt (HHN) → Rome (FCO),Rome (FCO) → Frankfurt (HHN)
Rome,€165.95,Sun Feb 23rd 2025,Thu Apr 3rd 2025,Frankfurt (HHN) → Rome (FCO),Rome (FCO) → Frankfurt (HHN)
Rome,€165.95,Sun Feb 23rd 2025,Sat Mar 15th 2025,Frankfurt (HHN) → Rome (FCO),Rome (FCO) → Frankfurt (HHN)
Rome,€166.63,Sun Feb 23rd 2025,Fri Mar 7th 2025,Frankfurt (HHN) → Rome (FCO),Rome (FCO) → Frankfurt (HHN)
Rome,€168,Sat Feb 8th 2025,Thu Apr 3rd 2025,Frankfurt (HHN) → Rome (FCO),Rome (FCO) → Frankfurt (HHN)
Rome,€168,Sat Feb 8th 2025,Sat Mar 15th 2025,Frankfurt (HHN) → Rome (FCO),Rome (FCO) → Frankfurt (HHN)
Rome,€168,Sun Feb 23rd 2025,Mon Mar 31st 2025,Frankfurt (HHN) → Rome (FCO),Rome (FCO) → Frankfurt (FRA)
Rome,€168,Sun Feb 23rd 2025,Wed Apr 2nd 2025,Frankfurt (HHN) → Rome (FCO),Rome (FCO) → Frankfurt (FRA)
Rome,€168,Sun Feb 23rd 2025,Mon Mar 31st 2025,Frankfurt (HHN) → Rome (FCO),Rome (FCO) → Frankfurt (FRA)
Rome,€168,Sun Feb 23rd 2025,Wed Apr 2nd 2025,Frankfurt (HHN) → Rome (FCO),Rome (FCO) → Frankfurt (FRA)
Rome,€168.69,Sun Feb 23rd 2025,Sat Mar 8th 2025,Frankfurt (HHN) → Rome (FCO),Rome (FCO) → Frankfurt (HHN)
Rome,€168.76,Sat Feb 8th 2025,Fri Mar 7th 2025,Frankfurt (HHN) → Rome (FCO),Rome (FCO) → Frankfurt (HHN)
Rome,€168.82,Sun Feb 23rd 2025,Sat Mar 29th 2025,Frankfurt (HHN) → Rome (FCO),Rome (FCO) → Frankfurt (HHN)
Rome,€170.16,Sun Feb 23rd 2025,Tue Apr 1st 2025,Frankfurt (HHN) → Rome (FCO),Rome (FCO) → Frankfurt (FRA)
Rome,€170.16,Sun Feb 23rd 2025,Sun Mar 30th 2025,Frankfurt (HHN) → Rome (FCO),Rome (FCO) → Frankfurt (FRA)
Rome,€170.16,Sun Feb 23rd 2025,Tue Apr 1st 2025,Frankfurt (HHN) → Rome (FCO),Rome (FCO) → Frankfurt (FRA)
Rome,€170.23,Sat Feb 8th 2025,Mon Mar 31st 2025,Frankfurt (HHN) → Rome (FCO),Rome (FCO) → Frankfurt (FRA)
Rome,€170.23,Sat Feb 8th 2025,Wed Apr 2nd 2025,Frankfurt (HHN) → Rome (FCO),Rome (FCO) → Frankfurt (FRA)
Rome,€170.23,Sat Feb 8th 2025,Mon Mar 31st 2025,Frankfurt (HHN) → Rome (FCO),Rome (FCO) → Frankfurt (FRA)
Rome,€170.23,Sat Feb 8th 2025,Wed Apr 2nd 2025,Frankfurt (HHN) → Rome (FCO),Rome (FCO) → Frankfurt (FRA)
Rome,€170.82,Sat Feb 8th 2025,Sat Mar 8th 2025,Frankfurt (HHN) → Rome (FCO),Rome (FCO) → Frankfurt (HHN)
Rome,€170.88,Sun Feb 23rd 2025,Fri Mar 28th 2025,Frankfurt (HHN) → Rome (FCO),Rome (FCO) → Frankfurt (HHN)
Rome,€170.94,Sat Feb 8th 2025,Sat Mar 29th 2025,Frankfurt (HHN) → Rome (FCO),Rome (FCO) → Frankfurt (HHN)
Rome,€172.31,Sat Feb 8th 2025,Tue Apr 1st 2025,Frankfurt (HHN) → Rome (FCO),Rome (FCO) → Frankfurt (FRA)
Rome,€172.31,Sat Feb 8th 2025,Tue Apr 1st 2025,Frankfurt (HHN) → Rome (FCO),Rome (FCO) → Frankfurt (FRA)
Rome,€172.31,Sat Feb 8th 2025,Sun Mar 30th 2025,Frankfurt (HHN) → Rome (FCO),Rome (FCO) → Frankfurt (FRA)
Rome,€173,Sat Feb 8th 2025,Fri Mar 28th 2025,Frankfurt (HHN) → Rome (FCO),Rome (FCO) → Frankfurt (HHN)
Rome,€174.94,Sat Mar 1st 2025,Sat Mar 22nd 2025,Frankfurt (HHN) → Rome (FCO),Rome (FCO) → Frankfurt (HHN)
Rome,€176,Sat Mar 1st 2025,Fri Mar 21st 2025,Frankfurt (HHN) → Rome (FCO),Rome (FCO) → Frankfurt (HHN)
Rome,€177.65,Sat Mar 1st 2025,Fri Mar 14th 2025,Frankfurt (HHN) → Rome (FCO),Rome (FCO) → Frankfurt (HHN)
Rome,€183.55,Sat Mar 1st 2025,Thu Apr 3rd 2025,Frankfurt (HHN) → Rome (FCO),Rome (FCO) → Frankfurt (HHN)
Rome,€183.55,Sat Mar 1st 2025,Sat Mar 15th 2025,Frankfurt (HHN) → Rome (FCO),Rome (FCO) → Frankfurt (HHN)
Rome,€184.23,Sat Mar 1st 2025,Fri Mar 7th 2025,Frankfurt (HHN) → Rome (FCO),Rome (FCO) → Frankfurt (HHN)
Rome,€185.85,Sat Mar 1st 2025,Wed Apr 2nd 2025,Frankfurt (HHN) → Rome (FCO),Rome (FCO) → Frankfurt (FRA)
Rome,€185.85,Sat Mar 1st 2025,Wed Apr 2nd 2025,Frankfurt (HHN) → Rome (FCO),Rome (FCO) → Frankfurt (FRA)
Rome,€185.85,Sat Mar 1st 2025,Mon Mar 31st 2025,Frankfurt (HHN) → Rome (FCO),Rome (FCO) → Frankfurt (FRA)
Rome,€185.85,Sat Mar 1st 2025,Mon Mar 31st 2025,Frankfurt (HHN) → Rome (FCO),Rome (FCO) → Frankfurt (FRA)
Rome,€186.29,Sat Mar 1st 2025,Sat Mar 8th 2025,Frankfurt (HHN) → Rome (FCO),Rome (FCO) → Frankfurt (HHN)
Rome,€186.41,Sat Mar 1st 2025,Sat Mar 29th 2025,Frankfurt (HHN) → Rome (FCO),Rome (FCO) → Frankfurt (HHN)
Rome,€187.93,Sat Mar 1st 2025,Tue Apr 1st 2025,Frankfurt (HHN) → Rome (FCO),Rome (FCO) → Frankfurt (FRA)
Rome,€187.93,Sat Mar 1st 2025,Tue Apr 1st 2025,Frankfurt (HHN) → Rome (FCO),Rome (FCO) → Frankfurt (FRA)
Rome,€187.93,Sat Mar 1st 2025,Sun Mar 30th 2025,Frankfurt (HHN) → Rome (FCO),Rome (FCO) → Frankfurt (FRA)
Rome,€188.47,Sat Mar 1st 2025,Fri Mar 28th 2025,Frankfurt (HHN) → Rome (FCO),Rome (FCO) → Frankfurt (HHN)
Rome,€221.86,Sat Feb 22nd 2025,Tue Apr 1st 2025,Frankfurt (HHN) → Rome (FCO),Rome (FCO) → Frankfurt (HHN)
Rome,€231.40,Sat Feb 22nd 2025,Sun Mar 30th 2025,Frankfurt (HHN) → Rome (FCO),Rome (FCO) → Frankfurt (FRA)
Rome,€235.27,Sun Feb 23rd 2025,Tue Apr 1st 2025,Frankfurt (HHN) → Rome (FCO),Rome (FCO) → Frankfurt (HHN)
Rome,€237.39,Sat Feb 8th 2025,Tue Apr 1st 2025,Frankfurt (HHN) → Rome (FCO),Rome (FCO) → Frankfurt (HHN)
Rome,€244.94,Sun Feb 23rd 2025,Sun Mar 30th 2025,Frankfurt (HHN) → Rome (FCO),Rome (FCO) → Frankfurt (FRA)
Rome,€249.45,Sat Feb 15th 2025,Sat Mar 22nd 2025,Frankfurt (HHN) → Rome (FCO),Rome (FCO) → Frankfurt (HHN)
Rome,€250.54,Sat Feb 15th 2025,Fri Mar 21st 2025,Frankfurt (HHN) → Rome (FCO),Rome (FCO) → Frankfurt (HHN)
Rome,€251,Sun Mar 2nd 2025,Sat Mar 22nd 2025,Frankfurt (HHN) → Rome (FCO),Rome (FCO) → Frankfurt (HHN)
Rome,€252.16,Sat Feb 15th 2025,Fri Mar 14th 2025,Frankfurt (HHN) → Rome (FCO),Rome (FCO) → Frankfurt (HHN)
Rome,€252.19,Sun Mar 2nd 2025,Fri Mar 21st 2025,Frankfurt (HHN) → Rome (FCO),Rome (FCO) → Frankfurt (HHN)
Rome,€252.25,Sun Feb 16th 2025,Sat Mar 22nd 2025,Frankfurt (HHN) → Rome (FCO),Rome (FCO) → Frankfurt (HHN)
Rome,€253.34,Sun Feb 16th 2025,Fri Mar 21st 2025,Frankfurt (HHN) → Rome (FCO),Rome (FCO) → Frankfurt (HHN)
Rome,€253.81,Sun Mar 2nd 2025,Fri Mar 14th 2025,Frankfurt (HHN) → Rome (FCO),Rome (FCO) → Frankfurt (HHN)
Rome,€254.97,Sun Feb 16th 2025,Fri Mar 14th 2025,Frankfurt (HHN) → Rome (FCO),Rome (FCO) → Frankfurt (HHN)
Rome,€258,Sat Feb 15th 2025,Thu Apr 3rd 2025,Frankfurt (HHN) → Rome (FCO),Rome (FCO) → Frankfurt (HHN)
Rome,€258,Sat Feb 15th 2025,Sat Mar 15th 2025,Frankfurt (HHN) → Rome (FCO),Rome (FCO) → Frankfurt (HHN)
Rome,€258.74,Sat Feb 15th 2025,Fri Mar 7th 2025,Frankfurt (HHN) → Rome (FCO),Rome (FCO) → Frankfurt (HHN)
Rome,€259.70,Sun Mar 2nd 2025,Thu Apr 3rd 2025,Frankfurt (HHN) → Rome (FCO),Rome (FCO) → Frankfurt (HHN)
Rome,€259.70,Sun Mar 2nd 2025,Sat Mar 15th 2025,Frankfurt (HHN) → Rome (FCO),Rome (FCO) → Frankfurt (HHN)
Rome,€260.38,Sun Mar 2nd 2025,Fri Mar 7th 2025,Frankfurt (HHN) → Rome (FCO),Rome (FCO) → Frankfurt (HHN)
Rome,€260.80,Sat Feb 15th 2025,Sat Mar 8th 2025,Frankfurt (HHN) → Rome (FCO),Rome (FCO) → Frankfurt (HHN)
Rome,€260.86,Sun Feb 16th 2025,Thu Apr 3rd 2025,Frankfurt (HHN) → Rome (FCO),Rome (FCO) → Frankfurt (HHN)
Rome,€260.86,Sun Feb 16th 2025,Sat Mar 15th 2025,Frankfurt (HHN) → Rome (FCO),Rome (FCO) → Frankfurt (HHN)
Rome,€260.92,Sat Feb 15th 2025,Sat Mar 29th 2025,Frankfurt (HHN) → Rome (FCO),Rome (FCO) → Frankfurt (HHN)
Rome,€261,Sat Feb 15th 2025,Mon Mar 31st 2025,Frankfurt (HHN) → Rome (FCO),Rome (FCO) → Frankfurt (FRA)
Rome,€294.54,Fri Feb 21st 2025,Thu Apr 3rd 2025,Frankfurt (HHN) → Rome (FCO),Rome (FCO) → Frankfurt (HHN)
Rome,€364,Tue Mar 4th 2025,Fri Mar 7th 2025,Frankfurt (FRA) → Rome (FCO),Rome (FCO) → Frankfurt (FRA)
Rome,€364,Tue Mar 4th 2025,Fri Mar 7th 2025,Frankfurt (FRA) → Rome (FCO),Rome (FCO) → Frankfurt (FRA)
Rome,€364,Sun Mar 2nd 2025,Wed Mar 5th 2025,Frankfurt (FRA) → Rome (FCO),Rome (FCO) → Frankfurt (FRA)
Rome,€364,Mon Mar 3rd 2025,Fri Mar 7th 2025,Frankfurt (FRA) → Rome (FCO),Rome (FCO) → Frankfurt (FRA)
Rome,€524,Sun Mar 2nd 2025,Mon Mar 10th 2025,Frankfurt (FRA) → Rome (FCO),Rome (FCO) → Frankfurt (FRA)
Rome,€524,Sun Mar 2nd 2025,Mon Mar 10th 2025,Frankfurt (FRA) → Rome (FCO),Rome (FCO) → Frankfurt (FRA)
Rome,€524,Wed Feb 12th 2025,Wed Mar 5th 2025,Frankfurt (FRA) → Rome (FCO),Rome (FCO) → Frankfurt (FRA)
Rome,€524,Mon Feb 24th 2025,Thu Mar 6th 2025,Frankfurt (FRA) → Rome (FCO),Rome (FCO) → Frankfurt (FRA)
Rome,€627,Mon Mar 3rd 2025,Tue Apr 1st 2025,Frankfurt (FRA) → Rome (FCO),Rome (FCO) → Frankfurt (FRA)
Rome,€627,Sun Mar 2nd 2025,Tue Apr 1st 2025,Frankfurt (FRA) → Rome (FCO),Rome (FCO) → Frankfurt (FRA)
Dubai,€533,Tue Feb 18th 2025,Wed Mar 12th 2025,Frankfurt (FRA) → Dubai (SHJ),Dubai (SHJ) → Frankfurt (FRA)
Dubai,€533,Tue Feb 18th 2025,Mon Mar 17th 2025,Frankfurt (FRA) → Dubai (SHJ),Dubai (SHJ) → Frankfurt (FRA)
Dubai,€573,Wed Feb 26th 2025,Thu Mar 20th 2025,Frankfurt (FRA) → Dubai (SHJ),Dubai (DXB) → Frankfurt (FRA)
Dubai,€573,Tue Feb 25th 2025,Thu Mar 20th 2025,Frankfurt (FRA) → Dubai (SHJ),Dubai (DXB) → Frankfurt (FRA)
Dubai,€578,Mon Feb 24th 2025,Thu Mar 20th 2025,Frankfurt (FRA) → Dubai (SHJ),Dubai (DXB) → Frankfurt (FRA)
Dubai,€578,Wed Feb 26th 2025,Thu Mar 20th 2025,Frankfurt (FRA) → Dubai (SHJ),Dubai (DXB) → Frankfurt (FRA)
Dubai,€586,Tue Feb 4th 2025,Thu Mar 20th 2025,Frankfurt (FRA) → Dubai (SHJ),Dubai (DXB) → Frankfurt (FRA)
Dubai,€593,Wed Feb 26th 2025,Fri Mar 14th 2025,Frankfurt (FRA) → Dubai (SHJ),Dubai (SHJ) → Frankfurt (FRA)
Dubai,€593,Tue Feb 25th 2025,Fri Mar 14th 2025,Frankfurt (FRA) → Dubai (SHJ),Dubai (SHJ) → Frankfurt (FRA)
Dubai,€595,Wed Feb 26th 2025,Thu Mar 13th 2025,Frankfurt (FRA) → Dubai (SHJ),Dubai (DXB) → Frankfurt (FRA)
Dubai,€596,Wed Feb 26th 2025,Thu Mar 6th 2025,Frankfurt (FRA) → Dubai (SHJ),Dubai (SHJ) → Frankfurt (FRA)
Dubai,€596,Wed Feb 26th 2025,Wed Mar 5th 2025,Frankfurt (FRA) → Dubai (SHJ),Dubai (SHJ) → Frankfurt (FRA)
Dubai,€598,Wed Feb 26th 2025,Wed Mar 12th 2025,Frankfurt (FRA) → Dubai (SHJ),Dubai (SHJ) → Frankfurt (FRA)
Dubai,€598,Mon Feb 24th 2025,Fri Mar 14th 2025,Frankfurt (FRA) → Dubai (SHJ),Dubai (SHJ) → Frankfurt (FRA)
Dubai,€598,Wed Feb 26th 2025,Fri Mar 14th 2025,Frankfurt (FRA) → Dubai (SHJ),Dubai (SHJ) → Frankfurt (FRA)
Dubai,€600,Wed Feb 26th 2025,Thu Mar 13th 2025,Frankfurt (FRA) → Dubai (SHJ),Dubai (SHJ) → Frankfurt (FRA)
Dubai,€600,Mon Feb 24th 2025,Thu Mar 13th 2025,Frankfurt (FRA) → Dubai (SHJ),Dubai (DXB) → Frankfurt (FRA)
Dubai,€600,Wed Feb 26th 2025,Thu Mar 13th 2025,Frankfurt (FRA) → Dubai (SHJ),Dubai (DXB) → Frankfurt (FRA)
Dubai,€601,Mon Feb 24th 2025,Thu Mar 6th 2025,Frankfurt (FRA) → Dubai (SHJ),Dubai (SHJ) → Frankfurt (FRA)
Dubai,€601,Mon Feb 24th 2025,Wed Mar 5th 2025,Frankfurt (FRA) → Dubai (SHJ),Dubai (SHJ) → Frankfurt (FRA)
Dubai,€601,Wed Feb 26th 2025,Thu Mar 6th 2025,Frankfurt (FRA) → Dubai (SHJ),Dubai (SHJ) → Frankfurt (FRA)
Dubai,€601,Wed Feb 26th 2025,Wed Mar 5th 2025,Frankfurt (FRA) → Dubai (SHJ),Dubai (SHJ) → Frankfurt (FRA)
Dubai,€603,Mon Feb 24th 2025,Wed Mar 12th 2025,Frankfurt (FRA) → Dubai (SHJ),Dubai (SHJ) → Frankfurt (FRA)
Dubai,€603,Wed Feb 26th 2025,Wed Mar 12th 2025,Frankfurt (FRA) → Dubai (SHJ),Dubai (SHJ) → Frankfurt (FRA)
Dubai,€605,Mon Feb 24th 2025,Thu Mar 13th 2025,Frankfurt (FRA) → Dubai (SHJ),Dubai (SHJ) → Frankfurt (FRA)
Dubai,€605,Wed Feb 26th 2025,Thu Mar 13th 2025,Frankfurt (FRA) → Dubai (SHJ),Dubai (SHJ) → Frankfurt (FRA)
Dubai,€614,Wed Feb 26th 2025,Wed Mar 12th 2025,Frankfurt (FRA) → Dubai (SHJ),Dubai (SHJ) → Frankfurt (FRA)
Dubai,€614,Wed Feb 26th 2025,Mon Mar 17th 2025,Frankfurt (FRA) → Dubai (SHJ),Dubai (SHJ) → Frankfurt (FRA)
Dubai,€614,Wed Feb 26th 2025,Fri Mar 21st 2025,Frankfurt (FRA) → Dubai (SHJ),Dubai (SHJ) → Frankfurt (FRA)
Dubai,€614,Tue Feb 25th 2025,Wed Mar 12th 2025,Frankfurt (FRA) → Dubai (SHJ),Dubai (SHJ) → Frankfurt (FRA)
Dubai,€614,Tue Feb 25th 2025,Mon Mar 17th 2025,Frankfurt (FRA) → Dubai (SHJ),Dubai (SHJ) → Frankfurt (FRA)
Dubai,€614,Tue Feb 25th 2025,Fri Mar 21st 2025,Frankfurt (FRA) → Dubai (SHJ),Dubai (SHJ) → Frankfurt (FRA)
Dubai,€614,Thu Feb 27th 2025,Thu Mar 20th 2025,Frankfurt (FRA) → Dubai (SHJ),Dubai (DXB) → Frankfurt (FRA)
Dubai,€619,Mon Feb 24th 2025,Wed Mar 12th 2025,Frankfurt (FRA) → Dubai (SHJ),Dubai (SHJ) → Frankfurt (FRA)
Dubai,€619,Mon Feb 24th 2025,Mon Mar 17th 2025,Frankfurt (FRA) → Dubai (SHJ),Dubai (SHJ) → Frankfurt (FRA)
Dubai,€619,Mon Feb 24th 2025,Fri Mar 21st 2025,Frankfurt (FRA) → Dubai (SHJ),Dubai (SHJ) → Frankfurt (FRA)
Dubai,€619,Wed Feb 26th 2025,Wed Mar 12th 2025,Frankfurt (FRA) → Dubai (SHJ),Dubai (SHJ) → Frankfurt (FRA)
Dubai,€619,Wed Feb 26th 2025,Mon Mar 17th 2025,Frankfurt (FRA) → Dubai (SHJ),Dubai (SHJ) → Frankfurt (FRA)
Dubai,€619,Wed Feb 26th 2025,Fri Mar 21st 2025,Frankfurt (FRA) → Dubai (SHJ),Dubai (SHJ) → Frankfurt (FRA)
Dubai,€627,Tue Feb 4th 2025,Wed Mar 12th 2025,Frankfurt (FRA) → Dubai (SHJ),Dubai (SHJ) → Frankfurt (FRA)
Dubai,€627,Tue Feb 4th 2025,Mon Mar 17th 2025,Frankfurt (FRA) → Dubai (SHJ),Dubai (SHJ) → Frankfurt (FRA)
Dubai,€627,Tue Feb 4th 2025,Fri Mar 21st 2025,Frankfurt (FRA) → Dubai (SHJ),Dubai (SHJ) → Frankfurt (FRA)
Dubai,€633,Wed Feb 26th 2025,Thu Mar 13th 2025,Frankfurt (FRA) → Dubai (SHJ),Dubai (SHJ) → Frankfurt (FRA)
Dubai,€633,Tue Feb 25th 2025,Thu Mar 13th 2025,Frankfurt (FRA) → Dubai (SHJ),Dubai (SHJ) → Frankfurt (FRA)
Dubai,€634,Thu Feb 27th 2025,Fri Mar 14th 2025,Frankfurt (FRA) → Dubai (SHJ),Dubai (SHJ) → Frankfurt (FRA)
Dubai,€636,Thu Feb 27th 2025,Thu Mar 13th 2025,Frankfurt (FRA) → Dubai (SHJ),Dubai (DXB) → Frankfurt (FRA)
Dubai,€637,Thu Feb 27th 2025,Thu Mar 6th 2025,Frankfurt (FRA) → Dubai (SHJ),Dubai (SHJ) → Frankfurt (FRA)
Dubai,€637,Thu Feb 27th 2025,Wed Mar 5th 2025,Frankfurt (FRA) → Dubai (SHJ),Dubai (SHJ) → Frankfurt (FRA)
Dubai,€638,Mon Feb 24th 2025,Thu Mar 13th 2025,Frankfurt (FRA) → Dubai (SHJ),Dubai (SHJ) → Frankfurt (FRA)
Dubai,€638,Wed Feb 26th 2025,Thu Mar 13th 2025,Frankfurt (FRA) → Dubai (SHJ),Dubai (SHJ) → Frankfurt (FRA)
Dubai,€639,Thu Feb 27th 2025,Wed Mar 12th 2025,Frankfurt (FRA) → Dubai (SHJ),Dubai (SHJ) → Frankfurt (FRA)
Dubai,€641,Thu Feb 27th 2025,Thu Mar 13th 2025,Frankfurt (FRA) → Dubai (SHJ),Dubai (SHJ) → Frankfurt (FRA)
Dubai,€643,Wed Feb 19th 2025,Thu Mar 20th 2025,Frankfurt (FRA) → Dubai (DXB),Dubai (DXB) → Frankfurt (FRA)
Dubai,€643,Wed Feb 12th 2025,Thu Mar 20th 2025,Frankfurt (FRA) → Dubai (DXB),Dubai (DXB) → Frankfurt (FRA)
Dubai,€647,Tue Feb 4th 2025,Thu Mar 13th 2025,Frankfurt (FRA) → Dubai (SHJ),Dubai (SHJ) → Frankfurt (FRA)
Dubai,€653,Thu Feb 27th 2025,Wed Mar 12th 2025,Frankfurt (FRA) → Dubai (SHJ),Dubai (SHJ) → Frankfurt (FRA)
Dubai,€653,Thu Feb 27th 2025,Mon Mar 17th 2025,Frankfurt (FRA) → Dubai (SHJ),Dubai (SHJ) → Frankfurt (FRA)
Dubai,€653,Thu Feb 27th 2025,Fri Mar 21st 2025,Frankfurt (FRA) → Dubai (SHJ),Dubai (SHJ) → Frankfurt (FRA)
Dubai,€659,Wed Feb 26th 2025,Fri Mar 21st 2025,Frankfurt (FRA) → Dubai (SHJ),Dubai (DXB) → Frankfurt (FRA)
Dubai,€659,Wed Feb 26th 2025,Fri Mar 14th 2025,Frankfurt (FRA) → Dubai (SHJ),Dubai (DXB) → Frankfurt (FRA)
Dubai,€659,Wed Feb 26th 2025,Sat Mar 15th 2025,Frankfurt (FRA) → Dubai (SHJ),Dubai (DXB) → Frankfurt (FRA)
Dubai,€659,Wed Feb 26th 2025,Tue Mar 11th 2025,Frankfurt (FRA) → Dubai (SHJ),Dubai (DXB) → Frankfurt (FRA)
Dubai,€659,Wed Feb 26th 2025,Mon Mar 17th 2025,Frankfurt (FRA) → Dubai (SHJ),Dubai (DXB) → Frankfurt (FRA)
Dubai,€664,Mon Feb 24th 2025,Sat Mar 15th 2025,Frankfurt (FRA) → Dubai (SHJ),Dubai (DXB) → Frankfurt (FRA)
Dubai,€664,Mon Feb 24th 2025,Mon Mar 17th 2025,Frankfurt (FRA) → Dubai (SHJ),Dubai (DXB) → Frankfurt (FRA)
Dubai,€664,Mon Feb 24th 2025,Fri Mar 21st 2025,Frankfurt (FRA) → Dubai (SHJ),Dubai (DXB) → Frankfurt (FRA)
Dubai,€674,Thu Feb 27th 2025,Thu Mar 13th 2025,Frankfurt (FRA) → Dubai (SHJ),Dubai (SHJ) → Frankfurt (FRA)
Dubai,€681,Wed Feb 12th 2025,Wed Mar 12th 2025,Frankfurt (FRA) → Dubai (DXB),Dubai (SHJ) → Frankfurt (FRA)
Dubai,€681,Wed Feb 19th 2025,Wed Mar 12th 2025,Frankfurt (FRA) → Dubai (DXB),Dubai (SHJ) → Frankfurt (FRA)
Dubai,€681,Wed Feb 19th 2025,Mon Mar 17th 2025,Frankfurt (FRA) → Dubai (DXB),Dubai (SHJ) → Frankfurt (FRA)
Dubai,€681,Wed Feb 12th 2025,Mon Mar 17th 2025,Frankfurt (FRA) → Dubai (DXB),Dubai (SHJ) → Frankfurt (FRA)
Dubai,€681,Wed Feb 12th 2025,Fri Mar 21st 2025,Frankfurt (FRA) → Dubai (DXB),Dubai (SHJ) → Frankfurt (FRA)
Dubai,€681,Wed Feb 19th 2025,Fri Mar 21st 2025,Frankfurt (FRA) → Dubai (DXB),Dubai (SHJ) → Frankfurt (FRA)
Dubai,€684,Tue Feb 18th 2025,Fri Mar 21st 2025,Frankfurt (FRA) → Dubai (SHJ),Dubai (SHJ) → Frankfurt (FRA)
Dubai,€693,Sat Feb 22nd 2025,Wed Mar 12th 2025,Frankfurt (FRA) → Dubai (SHJ),Dubai (SHJ) → Frankfurt (FRA)
Dubai,€693,Fri Feb 28th 2025,Wed Mar 12th 2025,Frankfurt (FRA) → Dubai (SHJ),Dubai (SHJ) → Frankfurt (FRA)
Dubai,€693,Thu Feb 20th 2025,Wed Mar 12th 2025,Frankfurt (FRA) → Dubai (SHJ),Dubai (SHJ) → Frankfurt (FRA)
Dubai,€693,Fri Feb 28th 2025,Mon Mar 17th 2025,Frankfurt (FRA) → Dubai (SHJ),Dubai (SHJ) → Frankfurt (FRA)
Dubai,€693,Sat Feb 22nd 2025,Mon Mar 17th 2025,Frankfurt (FRA) → Dubai (SHJ),Dubai (SHJ) → Frankfurt (FRA)
Dubai,€699,Thu Feb 27th 2025,Fri Mar 21st 2025,Frankfurt (FRA) → Dubai (SHJ),Dubai (DXB) → Frankfurt (FRA)
Dubai,€1221,Wed Feb 26th 2025,Tue Mar 11th 2025,Frankfurt (FRA) → Dubai (DXB),Dubai (DXB) → Frankfurt (FRA)
Dubai,€1221,Mon Mar 3rd 2025,Tue Mar 11th 2025,Frankfurt (FRA) → Dubai (DXB),Dubai (DXB) → Frankfurt (FRA)
Dubai,€1221,Wed Feb 26th 2025,Thu Mar 20th 2025,Frankfurt (FRA) → Dubai (DXB),Dubai (DXB) → Frankfurt (FRA)
Dubai,€1221,Mon Mar 3rd 2025,Wed Mar 19th 2025,Frankfurt (FRA) → Dubai (DXB),Dubai (DXB) → Frankfurt (FRA)
Dubai,€1221,Mon Mar 3rd 2025,Mon Mar 17th 2025,Frankfurt (FRA) → Dubai (DXB),Dubai (DXB) → Frankfurt (FRA)
Dubai,€1241,Tue Mar 4th 2025,Tue Mar 11th 2025,Frankfurt (FRA) → Dubai (DXB),Dubai (DXB) → Frankfurt (FRA)
Dubai,€1241,Tue Mar 4th 2025,Thu Mar 13th 2025,Frankfurt (FRA) → Dubai (DXB),Dubai (DXB) → Frankfurt (FRA)
Dubai,€1241,Tue Mar 4th 2025,Thu Mar 20th 2025,Frankfurt (FRA) → Dubai (DXB),Dubai (DXB) → Frankfurt (FRA)
Dubai,€1241,Tue Mar 4th 2025,Wed Mar 19th 2025,Frankfurt (FRA) → Dubai (DXB),Dubai (DXB) → Frankfurt (FRA)
Dubai,€1320,Wed Feb 19th 2025,Tue Mar 25th 2025,Frankfurt (FRA) → Dubai (DXB),Dubai (DXB) → Frankfurt (FRA)
Dubai,€1404,Tue Mar 4th 2025,Thu Apr 3rd 2025,Frankfurt (FRA) → Dubai (DXB),Dubai (DXB) → Frankfurt (FRA)
Dubai,€1404,Tue Mar 4th 2025,Tue Apr 1st 2025,Frankfurt (FRA) → Dubai (DXB),Dubai (DXB) → Frankfurt (FRA)
Dubai,€1415,Tue Feb 18th 2025,Thu Apr 3rd 2025,Frankfurt (FRA) → Dubai (DXB),Dubai (DXB) → Frankfurt (FRA)
Dubai,€1415,Tue Feb 18th 2025,Mon Mar 31st 2025,Frankfurt (FRA) → Dubai (DXB),Dubai (DXB) → Frankfurt (FRA)
Dubai,€1415,Mon Feb 17th 2025,Mon Mar 31st 2025,Frankfurt (FRA) → Dubai (DXB),Dubai (DXB) → Frankfurt (FRA)
Dubai,€1415,Thu Feb 27th 2025,Thu Apr 3rd 2025,Frankfurt (FRA) → Dubai (DXB),Dubai (DXB) → Frankfurt (FRA)
Dubai,€1415,Sun Feb 23rd 2025,Thu Apr 3rd 2025,Frankfurt (FRA) → Dubai (DXB),Dubai (DXB) → Frankfurt (FRA)
Dubai,€1415,Sun Feb 23rd 2025,Mon Mar 31st 2025,Frankfurt (FRA) → Dubai (DXB),Dubai (DXB) → Frankfurt (FRA)
Dubai,€1415,Sun Feb 23rd 2025,Tue Apr 1st 2025,Frankfurt (FRA) → Dubai (DXB),Dubai (DXB) → Frankfurt (FRA)
Dubai,€1415,Mon Mar 3rd 2025,Mon Mar 31st 2025,Frankfurt (FRA) → Dubai (DXB),Dubai (DXB) → Frankfurt (FRA)
Paris,€257.72,Tue Mar 4th 2025,Tue Mar 18th 2025,Frankfurt (HHN) → Paris (ORY),Paris (BVA) → Frankfurt (HHN)
Paris,€257.74,Wed Feb 19th 2025,Tue Mar 18th 2025,Frankfurt (HHN) → Paris (BVA),Paris (BVA) → Frankfurt (HHN)
Paris,€257.74,Tue Mar 4th 2025,Tue Mar 11th 2025,Frankfurt (HHN) → Paris (ORY),Paris (BVA) → Frankfurt (HHN)
Paris,€257.76,Wed Feb 19th 2025,Tue Mar 11th 2025,Frankfurt (HHN) → Paris (BVA),Paris (BVA) → Frankfurt (HHN)
Paris,€258.98,Wed Feb 19th 2025,Tue Mar 18th 2025,Frankfurt (HHN) → Paris (BVA),Paris (BVA) → Frankfurt (HHN)
Paris,€259,Wed Feb 19th 2025,Tue Mar 11th 2025,Frankfurt (HHN) → Paris (BVA),Paris (BVA) → Frankfurt (HHN)
Paris,€315.14,Tue Mar 4th 2025,Mon Mar 10th 2025,Frankfurt (HHN) → Paris (ORY),Paris (BVA) → Frankfurt (FRA)
Paris,€315.16,Wed Feb 19th 2025,Mon Mar 10th 2025,Frankfurt (HHN) → Paris (BVA),Paris (BVA) → Frankfurt (FRA)
Paris,€316.40,Wed Feb 19th 2025,Mon Mar 10th 2025,Frankfurt (HHN) → Paris (BVA),Paris (BVA) → Frankfurt (FRA)
Paris,€319.58,Wed Feb 19th 2025,Mon Mar 10th 2025,Frankfurt (HHN) → Paris (ORY),Paris (BVA) → Frankfurt (FRA)
Paris,€329,Mon Mar 3rd 2025,Thu Mar 6th 2025,Frankfurt (FRA) → Paris (CDG),Paris (CDG) → Frankfurt (FRA)
Paris,€329,Mon Mar 3rd 2025,Thu Mar 6th 2025,Frankfurt (FRA) → Paris (CDG),Paris (CDG) → Frankfurt (FRA)
Paris,€329,Mon Mar 3rd 2025,Thu Mar 6th 2025,Frankfurt (FRA) → Paris (CDG),Paris (CDG) → Frankfurt (FRA)
Paris,€329,Mon Mar 3rd 2025,Thu Mar 6th 2025,Frankfurt (FRA) → Paris (CDG),Paris (CDG) → Frankfurt (FRA)
Paris,€329,Mon Mar 3rd 2025,Thu Mar 6th 2025,Frankfurt (FRA) → Paris (CDG),Paris (CDG) → Frankfurt (FRA)
Paris,€329,Mon Mar 3rd 2025,Thu Mar 6th 2025,Frankfurt (FRA) → Paris (CDG),Paris (CDG) → Frankfurt (FRA)
Paris,€329,Mon Mar 3rd 2025,Thu Mar 6th 2025,Frankfurt (FRA) → Paris (CDG),Paris (CDG) → Frankfurt (FRA)
Paris,€329,Mon Mar 3rd 2025,Thu Mar 6th 2025,Frankfurt (FRA) → Paris (CDG),Paris (CDG) → Frankfurt (FRA)
Paris,€329,Mon Mar 3rd 2025,Thu Mar 6th 2025,Frankfurt (FRA) → Paris (CDG),Paris (CDG) → Frankfurt (FRA)
Paris,€329,Mon Mar 3rd 2025,Thu Mar 6th 2025,Frankfurt (FRA) → Paris (CDG),Paris (CDG) → Frankfurt (FRA)
Paris,€329,Mon Mar 3rd 2025,Thu Mar 6th 2025,Frankfurt (FRA) → Paris (CDG),Paris (CDG) → Frankfurt (FRA)
Paris,€329,Mon Mar 3rd 2025,Thu Mar 6th 2025,Frankfurt (FRA) → Paris (CDG),Paris (CDG) → Frankfurt (FRA)
Paris,€329,Mon Mar 3rd 2025,Thu Mar 6th 2025,Frankfurt (FRA) → Paris (CDG),Paris (CDG) → Frankfurt (FRA)
Paris,€329,Mon Mar 3rd 2025,Thu Mar 6th 2025,Frankfurt (FRA) → Paris (CDG),Paris (CDG) → Frankfurt (FRA)
Paris,€329,Mon Mar 3rd 2025,Thu Mar 6th 2025,Frankfurt (FRA) → Paris (CDG),Paris (CDG) → Frankfurt (FRA)
Paris,€329,Mon Mar 3rd 2025,Thu Mar 6th 2025,Frankfurt (FRA) → Paris (CDG),Paris (CDG) → Frankfurt (FRA)
Paris,€329,Mon Mar 3rd 2025,Thu Mar 6th 2025,Frankfurt (FRA) → Paris (CDG),Paris (CDG) → Frankfurt (FRA)
Paris,€329,Mon Mar 3rd 2025,Thu Mar 6th 2025,Frankfurt (FRA) → Paris (CDG),Paris (CDG) → Frankfurt (FRA)
Paris,€329,Mon Mar 3rd 2025,Thu Mar 6th 2025,Frankfurt (FRA) → Paris (CDG),Paris (CDG) → Frankfurt (FRA)
Paris,€329,Mon Mar 3rd 2025,Thu Mar 6th 2025,Frankfurt (FRA) → Paris (CDG),Paris (CDG) → Frankfurt (FRA)
Paris,€351.12,Wed Feb 19th 2025,Sun Mar 30th 2025,Frankfurt (HHN) → Paris (ORY),Paris (CDG) → Frankfurt (FRA)
Paris,€351.12,Wed Feb 19th 2025,Sun Mar 30th 2025,Frankfurt (HHN) → Paris (ORY),Paris (CDG) → Frankfurt (FRA)
Paris,€351.12,Wed Feb 19th 2025,Tue Mar 11th 2025,Frankfurt (HHN) → Paris (ORY),Paris (CDG) → Frankfurt (FRA)
Paris,€351.12,Wed Feb 19th 2025,Tue Mar 11th 2025,Frankfurt (HHN) → Paris (ORY),Paris (CDG) → Frankfurt (FRA)
Paris,€351.12,Wed Feb 19th 2025,Wed Mar 26th 2025,Frankfurt (HHN) → Paris (ORY),Paris (CDG) → Frankfurt (FRA)
Paris,€351.12,Wed Feb 19th 2025,Tue Mar 11th 2025,Frankfurt (HHN) → Paris (ORY),Paris (CDG) → Frankfurt (FRA)
Paris,€351.12,Wed Feb 19th 2025,Tue Mar 18th 2025,Frankfurt (HHN) → Paris (ORY),Paris (CDG) → Frankfurt (FRA)
Paris,€351.12,Wed Feb 19th 2025,Tue Mar 11th 2025,Frankfurt (HHN) → Paris (ORY),Paris (CDG) → Frankfurt (FRA)
Paris,€351.12,Wed Feb 19th 2025,Wed Mar 5th 2025,Frankfurt (HHN) → Paris (ORY),Paris (CDG) → Frankfurt (FRA)
Paris,€351.12,Wed Feb 19th 2025,Wed Mar 26th 2025,Frankfurt (HHN) → Paris (ORY),Paris (CDG) → Frankfurt (FRA)
Paris,€351.12,Wed Feb 19th 2025,Wed Mar 12th 2025,Frankfurt (HHN) → Paris (ORY),Paris (CDG) → Frankfurt (FRA)
Paris,€351.12,Wed Feb 19th 2025,Wed Mar 12th 2025,Frankfurt (HHN) → Paris (ORY),Paris (CDG) → Frankfurt (FRA)
Paris,€351.12,Wed Feb 19th 2025,Wed Mar 19th 2025,Frankfurt (HHN) → Paris (ORY),Paris (CDG) → Frankfurt (FRA)
Paris,€351.12,Wed Feb 19th 2025,Wed Mar 19th 2025,Frankfurt (HHN) → Paris (ORY),Paris (CDG) → Frankfurt (FRA)
Paris,€351.12,Wed Feb 19th 2025,Wed Mar 5th 2025,Frankfurt (HHN) → Paris (ORY),Paris (CDG) → Frankfurt (FRA)
Paris,€351.12,Wed Feb 19th 2025,Thu Mar 27th 2025,Frankfurt (HHN) → Paris (ORY),Paris (CDG) → Frankfurt (FRA)
Paris,€495,Sun Feb 23rd 2025,Sun Mar 30th 2025,Frankfurt (FRA) → Paris (CDG),Paris (CDG) → Frankfurt (FRA)
Paris,€495,Sun Feb 23rd 2025,Sun Mar 30th 2025,Frankfurt (FRA) → Paris (CDG),Paris (CDG) → Frankfurt (FRA)
Paris,€495,Sun Feb 23rd 2025,Wed Mar 5th 2025,Frankfurt (FRA) → Paris (CDG),Paris (CDG) → Frankfurt (FRA)
Paris,€495,Sun Feb 23rd 2025,Wed Mar 12th 2025,Frankfurt (FRA) → Paris (CDG),Paris (CDG) → Frankfurt (FRA)
Paris,€495,Sun Feb 23rd 2025,Tue Mar 11th 2025,Frankfurt (FRA) → Paris (CDG),Paris (CDG) → Frankfurt (FRA)
Paris,€495,Sun Feb 23rd 2025,Wed Mar 5th 2025,Frankfurt (FRA) → Paris (CDG),Paris (CDG) → Frankfurt (FRA)
Paris,€495,Sun Feb 23rd 2025,Tue Mar 11th 2025,Frankfurt (FRA) → Paris (CDG),Paris (CDG) → Frankfurt (FRA)
Paris,€495,Sun Feb 23rd 2025,Wed Mar 19th 2025,Frankfurt (FRA) → Paris (CDG),Paris (CDG) → Frankfurt (FRA)
Paris,€495,Sun Feb 23rd 2025,Thu Mar 27th 2025,Frankfurt (FRA) → Paris (CDG),Paris (CDG) → Frankfurt (FRA)
Paris,€495,Sun Feb 23rd 2025,Wed Mar 19th 2025,Frankfurt (FRA) → Paris (CDG),Paris (CDG) → Frankfurt (FRA)
Paris,€495,Sun Feb 23rd 2025,Wed Mar 12th 2025,Frankfurt (FRA) → Paris (CDG),Paris (CDG) → Frankfurt (FRA)
Paris,€495,Sun Feb 23rd 2025,Tue Mar 11th 2025,Frankfurt (FRA) → Paris (CDG),Paris (CDG) → Frankfurt (FRA)
Paris,€495,Sun Feb 23rd 2025,Tue Mar 11th 2025,Frankfurt (FRA) → Paris (CDG),Paris (CDG) → Frankfurt (FRA)
Paris,€495,Sun Feb 23rd 2025,Wed Mar 26th 2025,Frankfurt (FRA) → Paris (CDG),Paris (CDG) → Frankfurt (FRA)
Paris,€495,Sun Feb 23rd 2025,Wed Mar 26th 2025,Frankfurt (FRA) → Paris (CDG),Paris (CDG) → Frankfurt (FRA)
Paris,€495,Sun Feb 23rd 2025,Tue Mar 18th 2025,Frankfurt (FRA) → Paris (CDG),Paris (CDG) → Frankfurt (FRA)
Paris,€497,Sun Feb 23rd 2025,Thu Apr 3rd 2025,Frankfurt (FRA) → Paris (CDG),Paris (CDG) → Frankfurt (FRA)
Paris,€497,Sun Feb 23rd 2025,Wed Apr 2nd 2025,Frankfurt (FRA) → Paris (CDG),Paris (CDG) → Frankfurt (FRA)
Paris,€497,Sun Feb 23rd 2025,Tue Apr 1st 2025,Frankfurt (FRA) → Paris (CDG),Paris (CDG) → Frankfurt (FRA)
Paris,€503,Tue Mar 4th 2025,Fri Mar 7th 2025,Frankfurt (FRA) → Paris (CDG),Paris (CDG) → Frankfurt (FRA)
Paris,€503,Tue Mar 4th 2025,Fri Mar 7th 2025,Frankfurt (FRA) → Paris (CDG),Paris (CDG) → Frankfurt (FRA)
Paris,€503,Tue Mar 4th 2025,Sat Mar 8th 2025,Frankfurt (FRA) → Paris (CDG),Paris (CDG) → Frankfurt (FRA)
Paris,€503,Tue Mar 4th 2025,Wed Mar 26th 2025,Frankfurt (FRA) → Paris (CDG),Paris (CDG) → Frankfurt (FRA)
Paris,€518,Tue Mar 4th 2025,Sun Mar 30th 2025,Frankfurt (FRA) → Paris (CDG),Paris (CDG) → Frankfurt (FRA)
Paris,€518,Tue Mar 4th 2025,Sun Mar 30th 2025,Frankfurt (FRA) → Paris (CDG),Paris (CDG) → Frankfurt (FRA)
Paris,€518,Tue Feb 25th 2025,Sun Mar 30th 2025,Frankfurt (FRA) → Paris (CDG),Paris (CDG) → Frankfurt (FRA)
Paris,€518,Tue Feb 25th 2025,Sun Mar 30th 2025,Frankfurt (FRA) → Paris (CDG),Paris (CDG) → Frankfurt (FRA)
Paris,€518,Thu Feb 27th 2025,Sun Mar 30th 2025,Frankfurt (FRA) → Paris (CDG),Paris (CDG) → Frankfurt (FRA)
Paris,€518,Tue Mar 4th 2025,Sun Mar 30th 2025,Frankfurt (FRA) → Paris (CDG),Paris (CDG) → Frankfurt (FRA)
Paris,€518,Tue Feb 25th 2025,Sun Mar 30th 2025,Frankfurt (FRA) → Paris (CDG),Paris (CDG) → Frankfurt (FRA)
Paris,€518,Tue Mar 4th 2025,Sun Mar 30th 2025,Frankfurt (FRA) → Paris (CDG),Paris (CDG) → Frankfurt (FRA)
Paris,€518,Tue Feb 25th 2025,Sun Mar 30th 2025,Frankfurt (FRA) → Paris (CDG),Paris (CDG) → Frankfurt (FRA)
Paris,€518,Tue Mar 4th 2025,Sun Mar 30th 2025,Frankfurt (FRA) → Paris (CDG),Paris (CDG) → Frankfurt (FRA)
Paris,€518,Tue Mar 4th 2025,Sun Mar 30th 2025,Frankfurt (FRA) → Paris (CDG),Paris (CDG) → Frankfurt (FRA)
Paris,€518,Tue Feb 25th 2025,Sun Mar 30th 2025,Frankfurt (FRA) → Paris (CDG),Paris (CDG) → Frankfurt (FRA)
Paris,€518,Tue Feb 25th 2025,Sun Mar 30th 2025,Frankfurt (FRA) → Paris (CDG),Paris (CDG) → Frankfurt (FRA)
Paris,€518,Sun Feb 23rd 2025,Sun Mar 30th 2025,Frankfurt (FRA) → Paris (CDG),Paris (CDG) → Frankfurt (FRA)
Paris,€518,Sun Feb 23rd 2025,Sun Mar 30th 2025,Frankfurt (FRA) → Paris (CDG),Paris (CDG) → Frankfurt (FRA)
Paris,€518,Mon Feb 24th 2025,Sun Mar 30th 2025,Frankfurt (FRA) → Paris (CDG),Paris (CDG) → Frankfurt (FRA)
Paris,€518,Mon Feb 24th 2025,Sun Mar 30th 2025,Frankfurt (FRA) → Paris (CDG),Paris (CDG) → Frankfurt (FRA)
Paris,€518,Mon Mar 3rd 2025,Sun Mar 30th 2025,Frankfurt (FRA) → Paris (CDG),Paris (CDG) → Frankfurt (FRA)
Paris,€518,Mon Mar 3rd 2025,Sun Mar 30th 2025,Frankfurt (FRA) → Paris (CDG),Paris (CDG) → Frankfurt (FRA)
Paris,€518,Wed Feb 26th 2025,Sun Mar 30th 2025,Frankfurt (FRA) → Paris (CDG),Paris (CDG) → Frankfurt (FRA)
Paris,€518,Wed Feb 26th 2025,Sun Mar 30th 2025,Frankfurt (FRA) → Paris (CDG),Paris (CDG) → Frankfurt (FRA)
Paris,€518,Wed Feb 26th 2025,Sun Mar 30th 2025,Frankfurt (FRA) → Paris (CDG),Paris (CDG) → Frankfurt (FRA)
Paris,€518,Wed Feb 26th 2025,Sun Mar 30th 2025,Frankfurt (FRA) → Paris (CDG),Paris (CDG) → Frankfurt (FRA)
Paris,€518,Thu Feb 27th 2025,Sun Mar 30th 2025,Frankfurt (FRA) → Paris (CDG),Paris (CDG) → Frankfurt (FRA)
Paris,€518,Wed Feb 26th 2025,Sun Mar 30th 2025,Frankfurt (FRA) → Paris (CDG),Paris (CDG) → Frankfurt (FRA)
Paris,€518,Wed Feb 26th 2025,Sun Mar 30th 2025,Frankfurt (FRA) → Paris (CDG),Paris (CDG) → Frankfurt (FRA)
Paris,€518,Mon Mar 3rd 2025,Sun Mar 30th 2025,Frankfurt (FRA) → Paris (CDG),Paris (CDG) → Frankfurt (FRA)
Paris,€518,Mon Mar 3rd 2025,Sun Mar 30th 2025,Frankfurt (FRA) → Paris (CDG),Paris (CDG) → Frankfurt (FRA)
Paris,€518,Tue Feb 25th 2025,Thu Mar 27th 2025,Frankfurt (FRA) → Paris (CDG),Paris (CDG) → Frankfurt (FRA)
Paris,€518,Tue Mar 4th 2025,Thu Mar 27th 2025,Frankfurt (FRA) → Paris (CDG),Paris (CDG) → Frankfurt (FRA)
Paris,€518,Tue Mar 4th 2025,Thu Mar 27th 2025,Frankfurt (FRA) → Paris (CDG),Paris (CDG) → Frankfurt (FRA)
